{
  "surface_area_m2": 0.11437358574062818,
  "total_rooms": 0.0010293596366728374,
  "rooms": 0.0038211764130927136,
  "bathrooms": 0.00630167674569289,
  "floor_level": 0.002387264314547565,
  "prix": 0.3033378558396622,
  "city_encoded": 0.0026489652078638777,
  "price_per_m2": 0.07666994059732585,
  "rooms_per_surface": 0.029789912282708962,
  "surface_area_m2_log": 0.0873241715315963,
  "total_rooms_log": 0.0014383580265983015,
  "rooms_log": 0.0028501864986445434,
  "bathrooms_log": 0.0017250591739127828,
  "prix_log": 0.28415260830603306,
  "rooms_per_surface_log": 0.02903495407605099,
  "rooms_per_100sqm": 0.049465921821454394,
  "city_ariana": 0.0003025359126208823,
  "city_ben-arous": 0.0009374728467997423,
  "city_la-manouba": 1.3866057506030315e-05,
  "city_tunis": 0.0023951289705878894
}